,Mkt-RF,SMB,HML,RMW,CMA
Mkt-RF,1.0,0.2763071723921175,-0.2553850436042327,-0.22727680435994607,-0.3865779726465954
SMB,0.2763071723921175,0.9999999999999999,-0.06810082264648377,-0.34754085689979475,-0.10527841793253995
HML,-0.2553850436042327,-0.06810082264648377,1.0,0.06097668569677368,0.693016218473026
RMW,-0.22727680435994607,-0.3475408568997947,0.06097668569677368,0.9999999999999998,-0.037447596332277754
CMA,-0.38657797264659544,-0.10527841793253995,0.6930162184730261,-0.037447596332277754,1.0
